Site﻿,Easting,Northing,Company
Port Talbot Power Station,277150,188450,Tata Steel Ltd
Fawley Refinery,445750,103650,Esso Petroleum Co Ltd
Stanlow Refinery,343950,375950,Essar Oil UK Ltd
Scunthorpe Power Station,491360,410920,British Steel Ltd
South Killingholme,515670,416600,ConocoPhillips Ltd
Carrington CCGT,373287,393037,Carrington Power Ltd
Pembroke Refinery,190849,202931,Valero Energy
Scunthorpe Blast Furnaces,491624,410272,British Steel Ltd
Lindsey Oil Refinery,515200,417300,Total Lindsey Oil Refinery Ltd
Hope Cement Works,416575,382316,Hope Construction Materials Ltd
Port Talbot BFG Flaring,277270,187990,Tata Steel Ltd
Port Talbot Blast Furnaces,277090,188030,Tata Steel Ltd
New Rugby,448700,275600,CEMEX UK Cement Ltd
Port Talbot Sinter,276520,188020,Tata Steel Ltd
Grangemouth Refinery,294400,681200,Ineos Manufacturing Scotland Ltd
Ketton,498400,305300,Castle Cement Ltd
Scunthorpe Sinter,492050,409660,British Steel Ltd
Billingham,447210,522410,Terra Nitrogen (UK) Ltd
Fife Ethylene Plant,318300,689500,ExxonMobil Chemical
Tunstead Cement,409629,375547,Tarmac Cement & Lime Ltd
Port Talbot Morfa Coke Ovens,277070,185800,Tata Steel Ltd
Grangemouth Olefins,294400,681200,Ineos Manufacturing Scotland Ltd
Fawley Refinery,445563,103615,Esso Petroleum Co Ltd
Cauldon Cement,408491,349613,Lafarge Cauldon Ltd
Grangemouth Power Station,294400,681200,Ineos Manufacturing Scotland Ltd
Ribblesdale,375200,443700,Castle Cement Ltd
Padeswood,329100,362200,Castle Cement Ltd
Grangemouth CHP,294400,681200,Grangemouth CHP Ltd
Dunbar Works,370700,676307,Blue Circle Industries
Ince,347295,376508,Kemira Growhow UK Ltd
Runcorn EfW Facility,349840,381620,Viridor Waste Management Ltd
Whitwell,453500,375400,Steetley Dolomite Ltd
Wilton,456800,522000,SembCorp Utilities (UK) Ltd
Winnington Sodium Carbonate Manufacturing Site,364343,374639,Winnington CHP Ltd
Belvedere,549690,180670,Riverside Resource Recovery Ltd
Aberthaw,303310,167550,Blue Circle Industries Plc
Kemsley Mill CHP,591848,166167,E.ON UK CHP Ltd
Scunthorpe Rolling Mill Furnaces,491350,411210,British Steel Ltd
Cookstown,92327,535299,Lafarge Ireland Ltd
Wissington,566450,297150,British Sugar Plc
Billingham,447800,522200,Sita Holdings (UK) Ltd
Saltend,516265,428187,Ineos Acetyls UK Ltd
Port Talbot Rolling Mill Furnaces,277990,187050,Tata Steel Ltd
Scunthorpe BFG Flaring,491600,410570,British Steel Ltd
Tunstead Lime,409629,375547,Tarmac Cement & Lime Ltd
Melton Ross,508390,411310,Singleton Birch Ltd
Kemsley Generating Station,592116,166550,K3 CHP Operations Ltd
Edmonton,535800,192600,London Waste Ltd
Teesside Hydrogen Plant,450894,523490,BOC Ltd
Bury St Edmunds,586430,265310,British Sugar Plc
Grimsby,521800,414700,Millennium Inorganic Chemicals Ltd
Allington Quarry,573800,157800,Kent Enviropower Ltd
Wilton 11 EfW Plant,456800,522000,Suez Recycling & Recovery UK Ltd
SELCHP,535830,177990,South East London Combined Heat & Power Ltd
Ince,345700,376300,Quinn Glass Ltd
Buxton,408700,369100,Lhoist UK Ltd
Shap,357060,513490,Corus UK Ltd
South Hook LNG Terminal,193600,205600,South Hook LNG Terminal
Cassel Works,446683,522000,Lucite International UK Ltd
Saddlebow Paper Mill,561410,317180,Palm Paper Ltd
Severnside Energy Recovery Centre,354770,181320,Suez Recycling & Recovery UK Ltd
Stallingborough,521800,414850,Millennium Inorganic Chemicals Ltd
Hindlow Quarry,409681,367937,Tarmac Cement & Lime Ltd
Colnbrook,503800,177300,Lakeside Energy From Waste Ltd
Partington Papermill,372814,392395,SAICA Containerboard UK Ltd
Cardiff EfW Facility,320220,175490,Viridor Waste Management Ltd
Tyseley,410850,284510,Tyseley Waste Disposal Ltd
Greatham,451350,526540,Tioxide Europe Ltd
Trafford Park,378200,397800,Cargill Plc
Chirk,328600,338600,Kronospan Ltd
Port of Liverpool CHP,333250,395550,E.ON UK CHP Ltd
Four Ashes Energy Recovery Facility,392350,308340,Veolia ES Staffordshire Ltd
Ardley Landfill,454040,226340,Viridor Waste Management Ltd
Barry,314046,168863,Dow Corning Ltd
Barnsley,437380,408450,Rockware Glass Ltd
Dunbar ERF,371200,675900,Viridor Waste Management Ltd
Beddington Energy Recovery Facility,529310,167260,VIRIDOR WASTE MANAGEMENT LTD
Greengate,350800,394200,Pilkington UK Ltd
Cowdenbeath,318632,689985,Shell UK Exploration & Production
Greatmoor EfW,470300,222400,Fcc Recycling (UK) Ltd
Lostock Soda Ash Manufacture,368657,374637,Tata Chemicals Europe Ltd
Coventry,434700,277670,Coventry & Solihull Waste Disposal Co Ltd
Ipswich,612300,249600,SITA Suffolk Ltd
Allerton Waste Recovery Park,440620,459920,AmeyCespa Ltd
Severn Road EfW Facility,353756,181818,Viridor Waste Management Ltd
Alloa,288120,692374,O-I Manufacturing UK Ltd
Wheatley,460610,406530,Rockware Glass Ltd
Port Talbot Oxygen Furnaces,277315,186820,Tata Steel Ltd
Cornwall Energy Recovery Centre,194520,56970,Suez Recycling & Recovery UK Ltd
Devonport EfW CHP Facility,244700,57400,Mvv Environment Devonport Ltd
Dalry,229300,650500,DSM Nutritional
Maydown Works,65311,583384,A & AT UK Ltd
Sheffield,436700,387700,Onyx Sheffield Ltd
Newhaven EfW Plant,544500,102300,Veolia ES South Downs Ltd
Mercia Envirecover Site,385960,269840,Severn Waste Services Ltd
Newark,479170,355190,British Sugar Plc
Southampton,439600,111100,Onyx Hampshire Ltd
Portsmouth,466700,102900,Onyx Hampshire Ltd
Leeds RERF,432810,432440,Veolia ES Leeds Ltd
South Wirral,342000,376000,Cleanaway Ltd
Great Coates,522237,408540,Cofely Industrial Energy Services Ltd
Silvertown,542250,180250,T&L Sugars Ltd
Scunthorpe Appleby Coke Ovens,491655,410975,British Steel Ltd
Cantley,638180,303640,British Sugar Plc
Javelin Park Energy Recovery Facility,379883,210468,Urbaser Environmental Ltd
Bridgend,296300,184000,Rockwool Ltd
Eastcroft,458210,339080,Wastenotts (Reclamation) Ltd
Stoke-On-Trent,387830,343410,MES Environmental Ltd
East Leake Gypsum Works,455503,328085,BPB United Kingdom Ltd
Dragon LNG Terminal,193850,205850,Dragon LNG Ltd
Nechells,409350,288650,Smurfit Kappa UK Ltd
Smurfitt Kappa Townsend Hook,570760,161780,Smurfitt Kappa UK Ltd
Derrylin,36251,486902,Quinn Glass Ltd
Lincolnshire EfW Facility,493950,367850,FCC Environment (Lincolnshire) Ltd
Wigton,325400,548600,Innovia Films Ltd
Isle of Grain LNG Installation,586277,175524,National Grid Grain LNG Ltd
Whittlesey,524700,297200,Hanson Building Products Ltd
Cowie,283860,688550,Norbord Europe Ltd
Portbury,350700,176800,Lafarge Plasterboard Ltd
Dundee,344628,732731,Dundee Waste Recycling Ltd
Eggborough,456928,423529,Saint-Gobain Glass (United Kingdom) Ltd
Millerhill Recycling & Energy Recovery Centre,332240,670755,FCC Waste Services (UK) Limited
Knottingley,449370,423360,Rockware Glass Ltd
Irvine,232000,639000,Rockware Glass Ltd
Girvan Distillery,220250,599750,William Grant & Sons Distillers Ltd
Erith,550500,179300,Archer Daniels Midland Erith Ltd
Selby,462515,431817,Sedalcol UK Ltd
Teesside Beam Mill,454200,522000,British Steel Ltd
Leeds,431000,432400,Allied Glass Containers Ltd
Lochaber Smelter,212630,775039,Liberty Aluminium Lochaber Ltd
Lochaber,212630,775039,Alcan Primary Metal - Europe
Solihull,414900,282100,Jaguar Land Rover Ltd
Newton Aycliffe,426630,523721,INEOS ChlorVinyls Ltd
Huddersfield,414790,417780,Sita (Kirkless) Ltd
Goole,472200,423000,Guardian Industries UK Ltd
Low Moor,416188,428368,Solenis UK Industries Ltd
Leicester Brickworks,441590,311340,Ibstock Brick Ltd
Hythe,443205,105728,Shanks Chemical Services Ltd
Grangemouth,295570,680280,Polimeri Europa UK Ltd
Middlewich Site,371500,364700,British Salt Ltd
Spalding Energy Expansion,525941,324961,Spalding Energy Expansion Ltd
Knottingley,450730,423880,Allied Glass Containers Ltd
Wilton Bioethanol Plant,456950,520550,Ensus UK Ltd
Shotton,331400,369500,Tata Steel UK Limited
Sittingbourne,591950,167830,Knauf (UK) GmbH
Macclesfield,392500,375150,AstraZeneca UK Ltd
Immingham,519800,414900,Knauf UK GmbH
Huddersfield,416400,418700,Syngenta Ltd
Milton Keynes Waste Recovery Park,481106,241698,AmeyCespa Limited
Warrington,359950,386150,Solvay Interox Ltd
D200 Energy Centre,454490,336560,D200 Energy Ltd
Wolverhampton,391600,299900,MES Environmental Ltd
Rotherham,442601,393358,Beatson Clark Plc
"Sinfin, Derby",436030,331790,Rolls-Royce Plc
Leeds Generation Station Complex,429512,434722,Engie Services Ltd
Tremorfa Sections Mill,320354,175955,Celsa Manufacturing (UK) Ltd
Banbury,445282,241541,Jacobs Douwe Egberts OPS GB Ltd
Tremorfa 2,321200,176300,Celsa Manufacturing (UK) Ltd
Brighouse Bay,264500,545900,BGE (UK) Ltd
Chineham,467230,155200,Onyx Hampshire Ltd
Prudhoe Mill,409500,563800,SCA Hygiene Products UK Ltd
St Fergus North Sea Gas Terminal,409200,853610,National Grid Gas Plc
Scunthorpe Oxygen Furnaces,492990,408610,British Steel Ltd
Latchford Locks Works,363730,387391,Novelis UK Ltd
Hythe,443550,104550,ExxonMobil Chemical Ltd
Newport,333410,185810,Solutia UK Ltd
Bones Lane Factory,397358,350549,Advanced Proteins Unlimited
Battlefield EfW,350980,316180,Veolia ES Shropshire Ltd
Glasgow Recycling & Renewable Energy Centre,259560,662340,Viridor Waste Management Ltd
Portsmouth Naval Base,463600,100800,BAE Systems Surface Ships Ltd
Stoneywood Mill,389789,810831,Arjowiggins Scotland Ltd
Blackburn Paper Mill CHP,364610,424750,ScottishPower Generation Ltd
"Llanelli, Carmarthenshire",252732,199387,"Tata Steel, Trostre Tin"
Dudley,394560,289100,MES Environmental Ltd
Glenfiddich Distillery,332640,840886,William Grant & Sons Distillers Ltd
Beattock,308830,599590,BGE (UK) Ltd
Speke,343664,384539,Elanco UK AH Ltd
Southbank Works,359700,388100,PQ Silicas UK Ltd
Sunderland,434200,558500,Nissan Motor Manufacturing (UK) Ltd
Workington Mill,300475,531230,Iggesund Paperboard (Workington) Ltd
Great Heck,459700,421500,Plasmor Ltd
Eastham,337100,379800,Eastham Refinery Ltd
Cowley,455490,204370,BMW (UK) Manufacturing Ltd
Sherburn Gypsum Works,451000,434400,BPB United Kingdom Ltd
Measham,433500,310500,Hanson Building Products Ltd
Purfleet,556870,177550,Pura Foods Ltd
Edgbaston,404796,283448,The University of Birmingham
Aberdeen Compressor Station,376790,805350,National Grid Gas Plc
Electrical Engineering Building,526500,179500,"Imperial College of Science, Technology and Medicine"
Kirkby Thore Gypsum Works,364500,526700,BPB United Kingdom Ltd
Bridgend Paper Mill,287800,187330,Northwood & Wepa Ltd
Skinningrove,470810,519698,British Steel Ltd
Springfield,346390,431550,Springfields Fuels Ltd
Robertsbridge Gypsum Works,572400,119700,BPB United Kingdom Ltd
Seal Sands,451760,524080,Enron Power Operations Ltd
Wigan,354700,406300,H J Heinz
Ribblesdale,374830,443640,Johnson Matthey Plc
Desford,445500,306500,Hanson Building Products Ltd
Barrow Mill,319660,472720,Kimberly-Clark Ltd
Llanwern Steelworks,335100,186500,Tata Steel UK Limited
Bolton,372800,407500,Greater Manchester Waste Ltd
Peterborough EfW Facility,521680,298990,Viridor Peterborough Ltd
Cameronbridge Distillery,334600,700000,Diageo Scotland Ltd
Burneside Mills,350600,495880,James Cropper Plc
Knottingley,450200,423600,Stolzle Flaconnage Ltd
Hatton Compressor Station,517524,376221,National Grid Gas Plc
Alba Proteins,350086,529648,Omega Proteins Ltd
Queensferry,332540,367780,Knauf Insulation Ltd
Scarborough,504900,483600,McCain Foods (GB) Ltd
Liverpool,335770,390460,University of Liverpool Energy Co Ltd
Watson Street,350850,394890,Pilkington Plc
Sheffield,440400,389180,Outokumpu Stainless Ltd
Burton Latimer,488913,274853,Weetabix Ltd
Dorket Head Brickworks,459200,347620,Ibstock Brick Ltd
Leeds Generating Station Complex,429500,434150,ENGIE Services Ltd
Stoke Bardolph,463760,341580,Chettles Ltd
St Helens,350100,394500,Knauf Insulation Ltd
Whittelsey,523800,297400,McCain Foods (GB) Ltd
Hindley Green,363843,402343,Electric Glass Fiber UK Ltd
Nestle York,460500,453800,Nestlé UK Ltd
Leicester,456277,308055,Walkers Snack Foods Ltd
Tweed Valley Maltings,398724,651978,Simpsons Malt Ltd
Harlow,546000,211800,United Glass Ltd
Liberty Speciality Steels - Rotherham,445073,395125,Speciality Steel UK Ltd
Waresley Factory,385450,270100,Wienerberger Ltd
Coventry,429919,275840,The University of Warwick
Bacton,633030,334350,Interconnector (UK) Ltd
North British Distillery,322824,672552,North British Distillery Co Ltd
AH Marks Bradford CHP,416200,427200,E.ON UK Cogeneration Ltd
Aberdeen,391700,807070,Aberdeen Royal Infirmary
Irvine,234400,636700,Smithkline Beecham Ltd
Royal Liverpool University Hospital,335960,390730,Dalkia Utilities Services
Lancing,517400,103900,Enviropower Ltd
Glenochil,285080,696020,Kerry Ingredients (UK) Ltd
Bridgnorth,372600,292300,Bridgnorth Aluminium Ltd
Manchester,384600,396800,The University of Manchester
Aldermaston,459800,163000,AWE Plc
Bury St Edmunds Maltings,585993,265121,Pauls Malt Ltd
Overton Mill,451736,150947,Portals De La Rue Ltd
Pont-y-felin,330281,195903,Knauf Insulation Ltd
Seal Sands High Temparature Incinerator,453340,524310,Fine Environmental Services Ltd
The Royal Victoria Infirmary,424500,564900,Dalkia Utilities Services
Tissue and Towel Plant,378750,397810,SCA Hygiene Products Manchester Ltd
Darley Dale,426070,362310,HJ Enthoven & Sons Ltd
North Tees Aromatics,452692,523080,Huntsman Petrochemicals (UK) Ltd
Port Talbot COG Flaring,277110,185810,Tata Steel Ltd
Creyke Beck Peaking Plant,503552,434185,Creyke Beck Power Ltd
Royal Forest Factory,357337,209938,Lucozade Ribena Suntory Ltd
North Tees Site,452570,522980,Sabic UK Petrochemicals Ltd
Gateshead,424910,558960,Armstrong World Industries Ltd
Spondon Power Station,439557,335002,UK Power Reserve Ltd
Leicester,462500,307800,LPC Group Plc
Par Harbour,207600,53300,Imerys Minerals Ltd
Kitts Green,414700,287500,Alcoa Manufacturing (GB) Ltd
Exeter EfW,292610,90490,Cyclerval (UK) Ltd
Grimsby,524700,411340,Novartis Grimsby Ltd
Broughton,334680,364290,Airbus UK Ltd
Halewood,344800,383700,Jaguar Cars Ltd
Kirton,468500,367500,Hanson Building Products Ltd
Bathgate 2 Compressor Station,291480,671040,National Grid Gas Plc
Tawd Mill,349125,404110,Essity UK Ltd
Manchester,379040,395650,Kellogg Co of Great Britain Ltd
Ferrybridge,447940,425500,Lafarge Plasterboard Ltd
Barrow Works,459400,316600,BPB United Kingdom Ltd
Britvic Energy Centre,449920,277390,E.on Connecting Energies Ltd
Lydney,363200,202300,Glatfelter UK Ltd
Peterborough Compressor Station,515180,304540,National Grid Gas Plc
Kellogg Trafford Park,379000,395600,Elyo Industrial Ltd
Queens Medical Centre (NUH) CHP Plant,454810,338760,E.On Connecting Energies Ltd
Market Drayton Dairy,365397,333408,Muller UK & Ireland Group LLP
Wilton Teraphalic Acid/Melinar Plant,457300,521270,Lotte Chemical UK Ltd
Nestlé Tutbury,421660,329650,Nestlé UK Ltd
Heathrow Airport,507400,176700,Heathrow Airport Ltd
Broomfleet Works,485970,427430,Wienerberger Ltd
Bromborough,334950,383590,Cereal Partners UK
Seal Sands Biodiesel Processing Plant,453600,524500,Greenergy Biofuels Teesside Ltd
Southampton General Hospital,439600,114900,Southampton University Hospitals NHS Trust
St Georges Hospital,526925,171325,St Georges Healthcare NHS Trust
Newport,454717,84542,Glasshouse Generation Ltd
Grangemouth,291649,681450,Dalkia Plc
Auchinleck,254723,621869,Egger (UK) Ltd
Speke,341020,383610,Prinovis Liverpool Ltd
Northfleet Mill,562700,174400,Kimberly Clark
Accrington,376520,430300,Hanson Building Products Ltd
Grimsby,522800,413800,Newlincs Development Ltd
Newton Aycliffe,426810,523880,Ineos Compounds Aycliffe Ltd
Warnham Brickworks,517000,134000,Wienerberger Ltd
RF Brookes Rogerstone Park,325300,189500,Solway Foods Ltd
Oakenholt Paper Mill,326270,371650,SCA Hygiene Products UK Ltd
Middlesbrough,452320,524640,Laporte Industries Ltd
King George Dock,514215,429174,AAK International
Burnaston,442910,333070,Toyota Motor Manufacturing (UK) Ltd
Gateshead,423600,562000,Spartan UK Ltd
Bradford,416912,431517,Kemira Chemicals (UK) Ltd
Europa Nursery Energy Centre,629750,158900,P3P Energy Management Ltd
Arla Foods Westbury,385590,152136,Arla Foods Ltd
Runcorn,350300,380700,Ineos Chlor Ltd
Castle Works,319700,175200,Celsa Manufacturing (UK) Ltd
Grangemouth,291600,681400,Kemfine Ltd
Arreton Valley Nurseries,454717,84542,Harvest Generation Services Ltd
Wisbech,546503,308463,Lamb Weston/Meijer UK Ltd
Throckley Brickworks,415620,567410,Ibstock Brick Ltd
Cattybrook Brickworks,358932,182603,Ibstock Brick Ltd
St. Thomas' Hospital,530600,179300,Guys & St Thomas'  Hospital NHS Trust
Ninewells Hospital,339000,730380,NHS Tayside
Luton,510600,220800,IBC Vehicles Ltd
Stirling,280558,692780,Superglass Insulation Ltd
"Westfield Industrial Park, Swansea",260723,196409,Viridis 178 Swansea Power Plant
Llanelli,255480,198770,Huntsman Corporation UK Ltd
Heartlands Power,412300,290500,Rolls Royce Power Development Ltd
Baglan,273810,193160,Sofidel UK Ltd
Stratford CHP Energy Centre,538747,184829,Cofely East London Energy
Port Sunlight,334588,384588,Lever Faberge
Wilton Olefins 6,458600,520990,Huntsman Petrochemicals (UK) Ltd
Stourton,433150,429840,Arla Foods Ltd
Carrington,374500,392610,Basell Polyolefins UK Ltd
Waterhouse Mills,349700,479800,Billerud Beetham Ltd
Stevenage,523800,222500,GlaxoSmithKline Plc
Newcastle Upon Tyne,426450,572170,Entek International Ltd
Romiley,394750,390350,Preston Board & Packaging
Great Ryburgh Maltings,595640,327360,Crisp Malting Group Ltd
Mostyn,316006,380579,Warwick International Ltd
Hartlebury Factory,385120,270810,Wienerberger Ltd
Daldowie Fuel Plant,267200,662100,SMW Ltd
John Anderson Campus DEN,259731,665773,University of Strathclyde
Liberty Speciality Steels - Stocksbridge,427168,398653,Speciality Steel UK Ltd
Duns,385400,656150,Ahlstrom Chirnside Ltd
Parkhouse Brickworks,383870,350430,Ibstock Brick Ltd
Freeman Hospital,426100,567600,Dalkia Utilities Services
Artigarvan Site,53104,564621,LacPatrick Dairies (NI) Ltd
Stonehouse,380059,205975,Muller UK & Ireland Group LLP
Stubbins Mill,379100,417900,SCA Hygiene Products UK Ltd
Howley Park,426100,425700,Hanson Building Products Ltd
Glasgow,259802,663949,Chivas Brothers Ltd
Levenshulme,387930,393140,United Biscuits UK Ltd
Magor Brewery,341600,187600,Interbrew UK Ltd
RAF Fylingdales,486330,496750,T G Power Ltd
Kings College Hospital,532587,176187,Dalkia Utility Services
Skelmersdale,349494,403721,Pimbo Generation Ltd
South Glasgow Hospitals,253350,665670,Greater Glasgow & Clyde NHS Health Board
Newport,333270,185120,Mir Steel UK Ltd
Royal Free Hospital,527297,185410,Royal Free Hampstead NHS Trust
The University of Leicester,459412,303044,Leicester District Energy Company Ltd
Loughborough,452400,319350,Loughborough University
Corby Tubeworks,490860,289140,Tata Steel UK Ltd
Holbrook Community Renewable Energy Centre,444520,381670,Equitix ESI CHP (SHEFF) Ltd
John Radcliffe Hospital,453900,207600,Oxford Radcliffe Hospitals NHS Trust
Kings Yard CHP Energy Centre,537571,184555,Cofely East London Energy
Four Ashes,391500,309200,Schenectady Europe Ltd
Chadderton,389165,403560,Chadderton Generation Ltd
Freshfield Lane,538600,126100,Freshfield Lane Brickworks Ltd
Leslie,324821,701355,Fourstones Paper Mill Co Ltd
Seal Sands Power Station,452694,524742,RWE Generation UK plc
Denton Brickworks,391400,394800,Wienerberger Ltd
Staverton,385783,160943,Cereal Partners UK
Ravenhead Brickworks,350850,404770,Ibstock Brick Ltd
Dungannon,93213,521509,Moy Park Ltd
Ashford Power,580741,172834,Ashford Power Ltd
Thornton-Cleveleys,334570,442780,Asahi Glass Fluropolymers UK Ltd
Tunstall,385500,350700,Norcros Group (Holdings) Ltd
The Glenlivet Distillery,319493,828695,Chivas Brothers Ltd
Bristol,358400,173550,United Bristol Healthcare NHS Trust
Drungans,297316,576211,Penspen Ltd
Shobnall Maltings,425080,324290,Soufflet Malt UK Ltd
Bardon Hill,444800,312876,Aggregate Industries UK Ltd
University Hospital of Wales,317500,179400,Cardiff & Vale NHS Trust
Harwich,623060,232160,Petrochem Carless Ltd
Jacobs Bakery,336990,396030,United Biscuits (UK) Ltd
Austerfield Works,466000,394600,Bawtry Carbon Ltd
Hull,509400,431700,Croda Europe Ltd
Burton Brewery,424660,323100,Coors Brewers Ltd
Faslane,224900,689700,Babcock Naval Services Ltd
Guys Hospital,532800,179800,Guys & St Thomas' NHS Trust
Doncaster,457350,401300,Bridon International Ltd
Caw House,428230,490060,Cawingredients Ltd
Sandown Brickworks,404500,301600,Wienerberger Ltd
Kingsbury Factory,421810,299060,Wienerberger Ltd
Ware,534780,214500,GlaxoSmithKline Plc
"PDHU Pump House, Pimlico",529700,177900,Westminster City Council
South Holmwood Brickworks,518290,142380,Ibstock Brick Ltd
Craigavon,113040,514454,Moy Park Ltd
Hereford,350880,241860,Special Metals Wiggin Ltd
Knockmore Hill,134583,519964,Contourglobal Solutions (NI) Ltd
Bank Quay,359745,388264,PQ Silicas UK Ltd
Hythe,443600,106050,Geo Specialty Chemicals UK Ltd
Norwich District Heating and CHP,619391,307593,University of East Anglia
Barrow-In-Furness,319200,468200,BAE Systems Plc
Hazel Grove,390633,386651,Nexperia UK Ltd
Royston,534850,241400,Johnson Matthey Plc
Stanlow Power Station,341830,376362,UK Power Reserve Ltd
Belfast,144579,529209,Royal Hospitals
Cedar Maltings,606300,257600,Muntons Plc
Gravesend,561350,175270,Britannia Refined Metals Ltd
Laybrook Brickworks,511360,118850,Ibstock Brick Ltd
Belfast,139857,523845,Montupet Ltd
Uddingston,267200,662100,SMW Ltd
Ellistown Brickworks,443560,310330,Ibstock Brick Ltd
Claughton,356173,466379,Forterra Building Products Ltd
Sheffield,438634,389821,Sheffield Forgemasters Engineering Ltd
Cramlington,426000,574300,Shasun Pharma Solutions Ltd
Wrexham,338858,350433,Kellogg Co of Great Britain Ltd
Manchester,384979,396212,Central Manchester & Manchester Children's University Hospital NHS
Chirnside,385058,656266,Dalkia Utilities Services Plc
Samlesbury Brewery,359486,429649,Interbrew UK Ltd
Carlisle,339100,553600,Pirelli Tyres Ltd
Southampton,441600,111800,Southampton Geothermal Heating Co
Swindon,418000,187700,Honda of the UK Manufacturing Ltd
Beaufort Road Power Station,330445,389969,UK Power Reserve Ltd
Chartham Paper Mill,610765,154929,Arjowiggins Chartham Mill Ltd
Maltby Energy Park,454943,392249,Regent Park Energy Ltd
Erlings Works,408462,433332,Omega Proteins Ltd
Crewe,368500,356600,Bentley Motors Ltd
Carrington Peel Power Station,372352,392485,UK Power Reserve Ltd
Hexham,394655,564653,Egger (UK) Ltd
Bracknell Power Station,485837,169248,UK Power Reserve Ltd
"University of York, Heslington",462200,450600,Bardmilne Ltd
Hull Energy Works,510270,430190,Energy Works (Hull) Ltd
Thetford,585765,282380,Baxter Healthcare Ltd
Keele Works,378700,345550,Marley Ltd
Widnes,353598,386814,Innospec Widnes Ltd
Nestle Purina Wisbech,545800,309300,Nestle Purina Petcare Ltd
Dumfries,300400,575500,Dundas Chemical Company (Mosspark) Ltd
Alders Way Power Station,287022,59300,UK Power Reserve Ltd
Queenborough,590590,172660,Aesica Queenborough Ltd
Grimethorpe,441100,408900,Carlton Main Brickworks Ltd
Long Sutton,545090,322320,Princes Ltd
Middlesbrough,456500,523700,Northumbrian Water
Hope Hospital,378700,399000,Salford Royal Hospitals NHS Trust
Hemel Hempstead Power Station,507407,209131,UK Power Reserve Ltd
Lyon Road Power Station,486710,234880,UK Power Reserve Ltd
Queen Alexandra Hospital,465474,105965,Engie Services Ltd
Greenock,223406,675994,National Semiconductor (UK) Ltd
Crick,458399,273638,Butchers Pet Care Ltd
Thornton-Cleveleys,334570,442780,Victrex Manufacturing Ltd
Ford Dunton Technical Centre,566713,189665,Ford Technologies Ltd
Thelwall Lane Power Station,363929,387483,UK Power Reserve Ltd
Bartley Power,328855,344417,Bartley Power Ltd
Traston Road Power Station,332953,185707,UK Power Reserve Ltd
Chesterton Brickworks,382890,349530,Ibstock Brick Ltd
Plymouth,245167,54723,Devonport Royal Dockyard Ltd
Redhill,528710,151840,Enlightened Lamp Recycling Ltd
Alderley Park Energy Centre,384740,375620,Alderley Park Ltd
Immingham Briquetting Works,518800,416000,Coal Products Ltd
Globe Industrial Power Station,393989,396987,UK Power Reserve Ltd
Lodge Lane Power Station,358018,396837,UK Power Reserve Ltd
Queen Elizabeth Medical Centre,404090,283950,University Hospital Birmingham NHS Trust
Ashdown Brickworks,572160,109300,Ibstock Brick Ltd
Londonderry,60988,579477,Altnagelvin Hospital
Norwich,620521,310256,Briar Chemicals Ltd
Stainland,406935,418965,Sonoco Cores and Paper Ltd
Taylor Lane 3 & 4,442552,347596,Powertree (Taylor Lane) Ltd
Irvine,233590,635210,UPM-Kymmene (UK) Ltd
Barnard Castle,405400,517600,Glaxo Operations UK Ltd
Dalston,337290,550765,Nestlé UK Ltd
Nottingham Road Power Station,449511,333963,UK Power Reserve Ltd
Gloucester,381828,215977,UK Power Reserve Ltd
Cambuslang,264100,661850,Norit (UK) Ltd
Mollison Avenue Power Station,536838,198106,UK Power Reserve Ltd
London,529884,183059,The Francis Crick Institute Ltd
Glasgow,256870,666730,University of Glasgow
Barry,314280,168880,Cabot Carbon Ltd
Heathrow Airport,507550,176750,British Airways Plc
Burstwick CHP,485400,430100,Growth Power Ltd
Melksham,390270,164310,Cooper Avon Tyres Ltd
Bicester Garrison,461112,217882,Ministry of Defence
Slough Chocolate Factory,495100,181550,MARS Chocolate UK Ltd
Huntingdon Compressor Station,511670,269450,National Grid Gas Plc
Billingham,447560,524035,KP Snacks Ltd
Northwich Power Station,368241,374334,Northwich Power Ltd
Bury Power Station,380355,411436,Bury Power Ltd
John Smith's Brewery,448500,443190,Scottish Courage Ltd
Wrexham,337610,349260,Hydro Aluminium Deeside Ltd
Trafford Park,380166,396804,Biogas Technology Ltd
RNAS Yeovilton,354750,123750,Ministry of Defence
Lodge Lane Brickworks,397470,308000,Ibstock Brick Ltd
Lurgan,122225,515425,Huhtamaki (Lurgan) Ltd
Ewhurst Brickworks,511500,137200,Wienerberger Ltd
Lavant Power,386742,289801,Lavant Power Ltd
Birtley Brickworks,426550,555670,Ibstock Brick Ltd
Leicester Royal Infirmary,458600,303600,University Hospitals of Leicester NHS Trust
Felinfach,251850,257600,Volac International Ltd
Mansfield Power Station,452400,359772,UK Power Reserve Ltd
Wisbech,546464,310185,Princes Ltd
Wilnecote Works,421950,300310,Hanson Building Products Ltd
Shotton Mill,330500,371500,Shotton Mill Ltd
Dunmanbridge,95449,539996,Dalefarm Dairies Ltd
Leek,397490,357000,Tessenderlo Fine Chemicals Ltd
Bradford Refinery,417197,432724,P Waddington & Co (1947) Ltd
Rawcliffe Bridge,470200,421300,Croda Chemicals Europe Ltd
University Hospital,437942,280527,Warwickshire NHS Trust
Enfield,536640,197160,Warburtons Ltd
City General Hospital,385795,344997,University Hospital of North Staffordshire (NHS) Trust
Bridgewater Diary,330050,133710,Muller UK and Ireland Group LLP
Royal Brewery,384030,396020,Scottish Courage Ltd
Purfleet,557340,177883,Civil and Marine Ltd
Disley Mill,398000,385300,Disley Tissue Ltd
Belfast,145940,532205,John Thompson & Sons Ltd
Hazlehead,418074,404654,Wavin Ltd
Great Ormond Street Hospital,530500,182000,Great Ormond Street Hospital for Children NHS Trust
Northampton Brewery,475270,259920,Carlsberg Supply Chain UK Ltd (CSC)
Tottenham Power Station,535231,191387,UK Power Reserve Ltd
Royal Devon & Exeter Hospital,293700,91800,Royal Devon & Exeter  NHS Foundation Trust
Bridgend,292000,178900,Sony UK Technology Centre
Dalton Airfield,441760,475290,Wagg Foods Ltd
Afan Way Power Station,275603,189619,UK Power Reserve Ltd
Ellesmere Port,337912,378873,Vauxhall Motors Ltd
Hern Hill Nursery,607612,162701,S&A Produce (UK) Ltd
Rownhams Generation Station,437244,116800,Keekle Power Ltd
Burton Latimer,489470,275700,Alpro (UK) Ltd
Wakefield,431600,424800,Coca-Cola Enterprises Ltd
Bishop Auckland Compressor Station,428080,530530,National Grid Gas Plc
Chesterfield Paper Mill,437275,370675,Northwood Tissue (Chesterfield) Ltd
City Campus,445670,334410,Nottingham University Hospitals NHS Trust
Worthing,515400,104700,SmithKline Beecham Plc
Todhills Brickworks,421300,533800,Wienerberger Ltd
Dagenham,549236,183219,Ford Motor Co Ltd
Lifford,405580,279540,Minteq UK Ltd
Castle Vale,413690,290830,Jaguar Cars Ltd
Glasgow Royal Infirmary,260100,665600,North Glasgow University Hospitals NHS Trust
Roseisle Complex,312265,865505,Diageo Scotland Ltd
Chapel-En-Le-Frith,405760,381430,Federal Mogul Friction Products Ltd
RAF Brize Norton,428750,207100,Ministry of Defence
Nottingham,454700,338100,University of Nottingham
Runcorn,356853,379617,Saint-Gobain Isover UK Ltd
Sheffield,433900,390100,Kraft Foods UK Ltd
Marlbrook,351250,253650,Kraft Foods UK Ltd
Dumfries,298900,578700,Gates Power Transmission Ltd
Hartlepool Pipe Mill,450869,528850,Tata Steel UK Ltd
Addenbrookes Hospital,546500,255000,Addenbrookes NHS Trust
Teeside Polyethylene Plant,458000,522000,Sabic UK Petrochemicals Ltd
Royal London Hospital,534817,181808,Skanska Rashleigh Weatherfoil Ltd
Hull Reserve Power Station,516675,429188,Hull Reserve Power Ltd
Burghead Maltings,311310,868949,Diageo Scotland Ltd
Scunthorpe,491300,410300,Caparo Merchant Bar plc
Larigan Power Station,302833,182419,Larigan Power Ltd
New Cross Hospital,393500,299900,The Royal Wolverhampton Hospitals NHS Trust
Carrickfergus,152699,541736,Ryobi Aluminium Casting (UK) Ltd
West Thurrock,559390,177385,Procter & Gamble Product Supply (UK) Ltd
Ambrosia Creamery,239560,84980,Premier Foods Group Ltd
Queens Island,149734,532484,Bombardier Aerospace
Ware,535120,214480,GlaxoSmithKline Plc
Station Road Site,605150,294939,Banham Poultry (2018) Ltd
Linford Blocks,566856,179801,Tarmac Building Products Ltd
Stretford,378800,395500,Kellogg Co of Great Britain Ltd
Newport,329300,185700,International Rectifier Newport Ltd
Runcorn,356200,379900,Diageo Great Britain Ltd
Melton Mowbray,475500,319100,Mars Petcare UK Ltd
Charing Cross Hospital,523600,177900,Imperial College Healthcare NHS Trust
Lancaster,348400,463750,Sofidel UK Ltd
Riverdale Data Centre,538208,175601,CIB Properties Ltd
Stranraer,206300,559900,Caledonian Cheese Co Ltd
Runcorn,349810,381143,Vynova Runcorn Ltd
Hammersmith Hospital,522400,181200,Imperial College Healthcare NHS Trust
Sunderland Royal Hospital,437866,556587,City Hospitals Independent Commercial Enterprises Ltd
Delyn Mill,323600,373500,Kimberly-Clark Ltd
London,526580,178990,The Natural History Museum
Worksop,457377,380518,Premier Foods Group Ltd
Cloud Hill Quarry,440600,323000,Breedon Aggregates England Ltd
Chelsea and Westminster Hospital,526300,177700,Chelsea & Westminster Healthcare Trust
Kiln Power Station,441315,292567,Kiln Power Ltd
Hull Royal Infirmary,508373,428788,Hull & East Yorkshire Hospitals NHS Trust
Guildford,498190,150250,University of Surrey
Middlesbrough,450450,520370,Haltermann Ltd
Cawthorne,426900,407200,Naylor Drainage
Carlisle Street East Works,436460,388520,Allegheny Technologies Ltd
Kings Lynn Compressor Station,572040,316150,National Grid Gas Plc
Tollcross Road Site,263364,663431,United Biscuits Ltd
Milton Keynes,490380,238630,Alanod Ltd
Glensanda Quarry,182990,747522,Aggregate Industries Ltd
Caledonian Brewery,260500,665200,InBev UK Ltd
Ellesmere Port,341600,376500,The Associated Octel Co Ltd
Cargenbridge,295110,574390,Dupont Teijin Films UK Ltd
Lockerbie,310186,581210,Glanbia Foods Ltd
Malton,480280,471400,Grampian Country Pork Ltd
Liverpool,343420,398660,Baker Hughes Ltd
Halesworth,640260,278910,Bernard Matthews Foods Ltd
Knottingley,451200,423800,Solvent Resource Management Ltd
Old Leake,539794,354072,Fold Hill Foods Ltd
Gatwick,527500,140500,Gatwick Airport Ltd
Hendon Dock,441300,556800,Solvent Resource Management Ltd
White House Farm,366320,134730,Wyke Farmhouse Cheese Co Ltd
Dailuaine Distillery,323266,841034,Diageo Distilling Ltd
Lowestoft,655360,293850,Birds Eye Ltd
Kiveton,446710,383330,Hazlewood Convenience Group 1
Hull,510730,432310,Greencore Grocery
Pilkington Sullivan Site,352900,385400,Saffil Ltd
Grimsby Chemical Works,524040,412080,BASF Public Ltd Company
Forest Gate,540520,184790,Hovis Ltd
Waterbeach (Composting/Waste Transfer),548280,268340,Ameycespa (East) Ltd
Hams Hall,420622,292362,Forterra Building Products Ltd
Kirkdale Palm Oil Refinery,333800,393400,New Britain Oils
King's Lynn,561220,321790,Pil Membranes Ltd
"Hillwood Quarry, Ratho, Midlothian",312802,672031,Tarmac Limited
Clydach,268900,201300,INCO Europe Ltd
Stallingborough,523100,413700,Synthomer Ltd
Radway Green,377730,354450,BAE Land Systems Division
Histon,543771,262981,Histon Sweet Spreads Ltd
Bridgwater,330723,139413,Gerber Juice Co Ltd
Wombourne,385800,291700,McCain Foods (GB) Ltd
Royal Hallamshire Hospital,433800,386900,Sheffield teaching Hospitals NHS Trust
Lisahally,63657,582917,Foyle Food Group Ltd
Western General Hospital,323000,675050,NHS Lothian
George Square,325700,673000,University of Edinburgh
Avonmouth STW,353303,179304,Wessex Water Services Ltd
Warrington Power Station,360245,387416,Warrington Power Ltd
Mountsorrel Asphalt,456900,315430,Lafarge Aggregates Ltd
Lincoln County Hospital,498800,371800,United Lincolnshire Hospitals NHS Trust
Mold,323287,364785,Synthite Ltd
Immingham Kings Road Power Station,519621,414736,UK Power Reserve Ltd
Harper Lane Asphalt,516200,201730,Lafarge Aggregates Ltd
Ogmore Power Station,314751,211843,Ogmore Power Ltd
Royal United Hospital Bath,372850,165950,Royal United Hospital Bath NHS Trust
Bournville,404820,281020,Kraft Foods UK Ltd
Aldridge Brickworks,404580,302270,Ibstock Brick Ltd
Beckton STW,544400,182300,Thames Water Utilities Ltd
Tonypandy Power Station,299390,193202,UK Power Reserve Ltd
Avonmouth,352669,180485,Enersyst Ltd
King's Buildings,326600,670600,University of Edinburgh
Hartshill,433200,295100,Sarval (Hartshill) Ltd
Knostrop,432560,431600,White Rose Environmental Ltd
Southampton,442500,115300,University of Southampton
Macclesfield,392200,375200,Dalkia Utilities Services Plc
Nevern Power Station,315509,210493,Nevern Power Ltd
Blockleys Brickworks,368370,312200,Blockleys Brick Ltd
Immingham Queens Road Power Station,520287,414714,UK Power Reserve Ltd
Cliffe Hill Asphalt,445200,310800,Midland Quarry Products Ltd
Cross Green Asphalt,432250,431780,Lafarge Tarmac Trading Ltd
Aspatria Creamery,314400,541200,The First Milk Cheese Co Ltd
Clyne Power Station,315509,210573,Clyne Power Ltd
Magheralin,124092,516204,Glanbia Cheese Ltd
Glascoed,334150,202000,BAE Land Systems Division
Boulby Mine,476370,518630,Cleveland Potash Ltd
Inverness,268600,844600,Raigmore Hospital
Northcot Brickworks,418300,236900,Northcot Brick Ltd
Edinburgh,329100,670400,Royal Infirmary of Edinburgh
Dalzell Works,275802,656788,Liberty Steel Dalzell Ltd
Dreadnought Brickworks,390575,289415,Hinton Perry & Davenhill Ltd
Norfolk & Norwich University Hospital,618143,307129,Serco Services
Watton,590250,300480,Bowes of Norfolk Ltd
Orchard Mill,368810,422770,Perspex International Ltd
The James Cook University Hospital,450700,517400,South Tees Hospitals NHS Trust
Belfast,145230,528418,Belfast City Hospital
Widnes,350400,384050,Secanim Ltd
Royal Bolton Hospital,371890,406460,Bolton Hospitals NHS Trust
Russells Hall Hospital,392000,289300,Interserve (Facilities Management) Ltd
Lister Hospital,523056,226590,East & North Herts NHS Trust
Broadstreet Energy Scheme,406200,286800,Birmingham District Energy Company Ltd
Oakthorpe Dairy,532041,192376,Arla Foods Ltd
Colnbrook,503100,175900,Aggregate Industries UK Ltd
Thamesteel Power Station,591172,174391,UK Power Reserve Ltd
Livingston,305550,669656,Wyman Gordon Ltd
Portadown,113959,513437,Craigavon Area Hospital
Lee Moor Site,256600,60900,Imerys Minerals Ltd
Hayes Asphalt,510522,179515,Lafarge Tarmac Trading Ltd
Montrose,372000,757170,GlaxoSmithKline
Motherwell,279900,659900,Dundas Chemical Company (Mosspark) Ltd
East Kent Waste Recovery Facility,633450,160050,Augean Treatment Ltd
Southmead Hospital,359150,177490,North Bristol NHS Trust
Davidstow Creamery,213825,86588,Dairy Crest Ltd
Banbury Power,446555,241943,Banbury Power Ltd
Lerwick,446000,1142000,Shetland Island Council
Runcton,488960,102180,Vitacress Herbs Ltd
Selby,463150,433150,Greencore Grocery
Oxford,451630,206920,University of Oxford
St Dennis,194750,57250,Imerys Minerals Ltd
West Smithfield,531869,181492,Skanska Rashleigh Weatherfoil Ltd
Nestle Fawdon,422343,568662,Nestlé UK Ltd
Hillhouse International,334219,443549,Victrex plc
Kingston Hospital,519600,169800,Kingston Hospital NHS Trust
West Drayton,507618,179910,Hanson Quarry Products Europe Ltd
Wharf Power Station,335351,382545,Wharf Power Ltd
Cookstown,94628,538005,Vion Food Group Ltd
Tillingham Power Station,486483,153718,Tillingham Power Ltd
Gatwick Airport,527500,140700,Gatwick Airport Ltd
Ulverston,330730,477550,Glaxo Operations UK Ltd
Manchester Airport,382242,385056,Manchester Airport Plc
Medway Maritime Hospital,577200,167500,Medway NHS Trust
Doncaster Royal Infirmary,459340,404320,Doncaster & Bassetlaw Hospitals NHS Trust
Oldham,339280,404020,Park Cakes Ltd
Wilton Aniline Plant,459764,521369,Huntsman Polyurethanes (UK) Ltd
Aston University Energy Centre,407500,287600,Birmingham District Energy Co
Invergordon Distillery,271500,869110,Whyte & Mackay Ltd
Allesley,430440,281950,Lawrence Automotive Interiors (VMC) Ltd
Haverhill,566870,244880,International Flavours & Fragrances (GB) Ltd
Cleveland Nurseries CHP,453100,508000,Jan Bezemer & Sons Ltd
Glenavy,125471,529575,Linergy Ltd
Bristol,358400,173200,University of Bristol
Newtownards,159412,528943,Pritchitts
Lancaster,348400,463000,Abaris Holdings Ltd
Colchester Garrison,599800,224500,Ministry of Defence
Seal Sands Power Station,453278,524210,Rolls-Royce Power Development Ltd
Canterbury,614180,159950,University of Kent
Yatton,341850,166070,Smart Systems Ltd
Harverfordwest Creamery,194920,214490,The First Milk Cheese Co Ltd
Chadderton Power Station,390665,405112,UK Power Reserve Ltd
Leaton Quarry,361534,311357,Breedon Aggregates England Ltd
City Hospital,404800,287900,Sandwell & West Birmingham Hospital NHS Trust
Sheffield,436800,388600,ATI Allvac Ltd
Glenlossie Distillery,321260,857240,Diageo Scotland Ltd
Oldbury,399190,288430,Rhodia Consumer Specialties Ltd
Derby,435988,332278,Rolls-Royce Power Development Ltd
Royal Victoria Dock,540699,180693,EXCEL District Energy Company Ltd
South Molton,269802,125918,Norbord Europe Ltd
Hillhouse Quarry,234623,634184,Hillhouse Quarry Group Ltd
Eastbourne District General Hospital,560250,100750,East Sussex Hospitals NHS Trust
Ashford,604000,142100,White Rose Environmental Ltd
Bulmers Cider Mills,350222,240345,Heineken UK Ltd
Wythenshawe Hospital,380770,387940,South Manchester University Hospitals NHS Trust
Reading,473352,173710,The University of Reading
Ipswich,619330,245170,White Rose Environmental Ltd
Stepping Hill Hospital,391300,387400,Stockport NHS Foundation Trust
Smeed Dean Brickworks,592200,165300,Wienerberger Ltd
Northwick Park & St Marks Hospitals,516300,187600,London North West Healthcare NHS Trust
Immingham Power Station,519820,414959,Immingham Power Ltd
Cadishead Power Station,371532,392258,UK Power Reserve Ltd
Greengate Power Station,350800,394200,UK Power Reserve Ltd
Gascoigne Wood Power Plant,452565,431894,Gascoigne Wood Power Ltd
Dagenham,548894,181891,Eurovia Infrastructure Ltd
Hamble Power,400114,292731,Hamble Power Ltd
Peel Media City Energy Centre,380435,397583,Utilities Services (Mediacity UK) Ltd
Weybridge (Veterinary Laboratories Agency),504972,162634,DEFRA
Widnes,352580,387790,Rockwood Additives Ltd
Girvan,220123,600327,Nestle UK Ltd
Royal Preston Hospital,353600,432900,Lancashire Hospitals NHS Trust
Croydon Energy,531700,166400,Rolls Royce Power Development Ltd
Victoria Hospital,333300,436500,"Blackpool, Fylde & Wyre Hospitals NHS Trust"
Felindre Compressor Station,264660,200950,National Grid Gas Plc
Wolverhampton Power Station,392914,298062,Wolverhampton Power Ltd
Redditch,406100,264600,Medical Energy (Worcestershire) Ltd
Allensmore,346260,233720,Cargill Meats Europe Sun Valley Foods Ltd
Whitehall District Heating Scheme,530153,180174,Cofely Ltd
Derby City General Hospital,432700,334800,Skanska Rashleigh Weatherfoil Ltd
Salisbury District Hospital,414680,127470,Salisbury District Hospital
Coulport,221000,687300,Babcock Naval Services Ltd
Devon Valley Mill,299349,102406,Devon Valley Ltd
Queens Park Hospital,369232,426715,East Lancashire Hospitals NHS Trust
Diss Compressor Station,613480,274970,National Grid Gas Plc
Cowley Hill Power Station,351300,396700,UK Power Reserve Ltd
Southend University Hospital,586260,187500,Southend University hospital NHS Foundation Trust
Leven,337000,701500,Silberline Ltd
Gateshead District Energy Scheme,425956,563447,Gateshead Energy Company Ltd
DCAE Cosford,379819,305422,Ministry of Defence
Halecombe Asphalt,370230,147430,Lafarge Tarmac Trading Ltd
York Hospital,460208,453108,York Hospitals NHS Trust
Low Marnham,480542,369449,J G Pears (Newark) Ltd
North Manchester General Hospital,384893,402134,Manchester University NHS Foundation Trust
Speke Pharmaceutical Works FLEMING ROAD MERSEYSIDE,343563,384561,Elanco UK AH Limited
Bath,377400,163900,University of Bath
Exhall,435796,285104,Monier Redland Ltd
Northern General Hospital,436500,390300,Sheffield Teaching Hospitals NHS Trust
Leven,336500,701500,Diageo Plc
Winchcombe,400830,227200,Hollingsworth & Vose Co Ltd
Derriford Hospital,249942,59462,Plymouth Hospitals NHS Trust
Birmingham Heartlands Hospital,411787,286799,University Hospitals Birmingham NHS Foundation Trust
Uxbridge,506000,182692,Brunel University
Docks Way Power Station,330953,186161,UK Power Reserve Ltd
Sudbury,590844,239654,Greys Hall Power Ltd
Brighton,534700,109200,The University of Sussex
Rothes,327800,849700,The Combination Of Rothes Distillers Ltd
Peterborough City Hospital,516732,299949,Brookfield Multiplex Services Europe Ltd
Cullompton,303100,108200,Higher Kings Mill Ltd
David Jack Research Centre,534790,214440,GlaxoSmithKline Research & Development Ltd
St James Hospital CHP Plant,431610,434622,Vital Energi Solutions Ltd
Basildon Hospital,570200,187200,Basildon & Thurrock University Hospitals NHS Trust
Aberdeen,394180,808420,University of Aberdeen
London,529900,182000,Bloomsbury Heat & Power
Donnington,370000,313800,Ministry of Defence
Redlake Power Station,464699,105473,Redlake Power Ltd
Queen Mary's Hospital,546400,171100,White Rose Environmental Ltd
Lossiemouth,322290,869720,RAF Lossiemouth
Basildon,571350,190416,CNH Industrial N.V.
Glasgow,268950,656130,Raeburn Brick Ltd
Leicester,459290,303080,University of Leicester
Hazel Grove,390600,386600,NXP Semiconductors UK Ltd
Saltend,516200,428100,INEOS Manufacturing (Hull) Ltd
RAF Stafford,393500,325500,Ministry of Defence
Heald Green,383793,384885,UK Power Reserve Ltd
Michelmersh Brickworks,434400,125820,Michelmersh Brick & Tile Co Ltd
Ashton - U - Lyne,395250,399650,Tameside & Glossop Acute Services NHS Trust
East Tullos,395569,804018,Pelagia (UK) Ltd
Southend-On-Sea,594490,185470,Qinetiq Ltd
Bolton,372280,409880,Vernacare Ltd
Warton Aerodrome,341505,428245,BAE Systems (Operations) Ltd
Gloucestershire Royal Hospital,384100,218600,Gloucestershire Hospitals NHS Trust
Trafford Park,378454,397132,Lanxess Solutions UK Ltd
RAF Waddington,498200,364900,Ministry of Defence
Bredbury Asphalt,392200,392000,Lafarge Tarmac Trading Ltd
Chatterley,388200,353291,Conrad (Chatterley) Ltd
Royal Bournemouth Hospital,412760,94220,White Rose Environmental Ltd
Leighton Hospital,368300,358000,Mid Cheshire Hospitals NHS Trust
Gartnavel General Hospital,255400,668000,North Glasgow University Hospitals NHS Trust
Burton Plant,423460,322670,Unilever UK Ltd
Royal Oldham Hospital,392000,406300,White Rose Environmental Ltd
St Marys Hospital,466610,100510,Carillion Services Ltd
Newcastle Under Lyme,381610,345272,Keele University
Cambridge Compressor Station,548520,244730,National Grid Gas Plc
Exeter Power,292200,91000,Rolls Royce Power Development Ltd
Southall Ready Meals Factory,514190,179980,Noon Products Ltd
Burnley General Hospital,385184,434505,East Lancashire Hospitals NHS Trust
Walsall Manor Hospital,400152,298264,Skanska Rashleigh Weatherfoil Ltd
St Asaph Power Station,302068,373971,St Asaph Power Ltd
Castle Hill Hospital,502550,432170,Hull & East Yorkshire Hospitals NHS Trust
Golden Jubilee National Hospital,248400,670800,NHS Scotland
Dagenham,549100,182000,Hanson Quarry Products Europe Ltd
Queens Hospital,423160,324550,Burton Hospital NHS Trust
Pool Paper Mills,423700,445400,Whiteley Ltd
Purfleet,556659,177111,Aggregate Industries UK Ltd
Colwick,462579,340329,Mercia Power Response (Private Road No.5) Ltd
Dolyhir Asphalt,323797,258194,Lafarge Tarmac Trading Ltd
Allington,574400,157900,Hanson Quarry Products Europe Ltd
Dove Holes Roadstone Coating Plant,408300,377960,CEMEX UK Operations Ltd
Longbenton,426400,569400,Greggs Plc
Morriston Hospital,266200,200200,Swansea NHS Trust
Bristol,359267,179332,Rolls-Royce plc
Somercotes,442493,354953,Reserve Power Trading Ltd
Jealott's Hill,487030,173370,Syngenta
Summerfield,383400,273600,Roxel (UK Rocket Motors) Ltd
Marden Power Station,489357,412628,Marden Power Ltd
Hythe Power Station,443892,105893,RWE Generation UK plc
St Andrews,350170,716830,University of St Andrews
Chirk,328700,337890,Kraft Foods UK Ltd
Royal Military Academy Sandhurst,486100,161400,Ministry of Defence
Birmingham,419070,283700,The National Exhibition Centre Ltd
Darlington Memorial Hospital,428000,515000,County Durham & Darlington Acute Hospitals NHS Trust
Riverside STW,551749,182195,Thames Water Utilities Ltd
Seal Sands,452620,524010,Ineos Nitriles (UK) Ltd
Churchill Hospital,454308,206029,Oxford Radcliffe Hospitals NHS Trust
Exeter,292000,94000,University of Exeter
Culvery Power Station,332302,367994,Culvery Power Ltd
Speke,343610,383940,Novartis Vaccines & Diagnostics Ltd
Pilgrim Hospital,533700,345600,United Lincolnshire Hospitals NHS Trust
Bury St Edmunds,584864,266369,Mizkan Euro Ltd
North Western Mills,370900,353800,Morning Foods Ltd
Hull,508700,427800,Smith & Nephew Medical Ltd
Macallan Distillery,327638,844371,The Macallan Distillers Ltd
Dafen Power Station,252800,202230,Dafen Reserve Power Ltd
Ealing Hospital,514300,179900,Dalkia Utilities Services
Burghfield,467700,168400,AWE Plc
Ripley,439678,351798,Mercia Power Response (Asher Lane 2) Ltd
Speke,343740,383880,Novartis Vaccines & Diagnostics Ltd
Carrhill-1 Electricity Generating Plant,457950,401047,Walker & Son (Hauliers) Ltd
Liberty Speciality Steels - Brinsworth,440928,391280,Speciality Steel UK Ltd
Chailey Brickworks,539000,117610,Ibstock Brick Ltd
Church,374170,428620,William Blythe Ltd
Selby Power Station,463150,431296,Selby Power Ltd
Bellshill,273301,660470,Calcarb Ltd
Burton-On-Trent,423200,323400,Marston's Plc
Royal Cornwall Hospital,179550,45250,Royal Cornwall Hospitals NHS Trust
Aberdeen,389530,806490,Woodend Hospital
West Drayton,505244,179158,Aggregate Industries UK Ltd
Radcliffe Pulp Mill,376800,406750,Ahlstrom Chirnside Ltd
RAF Marham,572123,307972,Ministry of Defence
Wednesbury Asphalt Plant,398400,294200,Midland Quarry Products Ltd
Kings Mill Hospital,451500,359800,Skanska Rashleigh Weatherfoil Ltd
Crosshouse,240100,638500,Crosshouse Hospital
Simpson Clough Paper Mill,385260,412110,Union Papertech Ltd
Westleigh Asphalt,306200,117300,Aggregate Industries UK Ltd
Irwell Power Station,380322,411500,Irwell Power Ltd
HMS Sultan,459286,100635,Ministry of Defence
HMP Garth & HMP Wymott,350300,420600,Her Majestys Prison Service (HMPS)
North Hampshire Hospital,462200,153900,ScottishPower Generation Ltd
Larbert,284971,682968,Serco Ltd
Whiston Hospital,347900,391900,St Helens & Knowsley Hospitals  (NHS) Trust
Bradon Farm Power Station,336005,119775,UK Power Reserve Ltd
Keyingham,525200,425100,Mill Nurseries Ltd
St James Hospital,431700,434570,The Leeds Teaching Hospitals NHS Trust
Barnsley Hospital,433200,406900,Barnsley Hospital NHS Foundation Trust
Ringstead,497000,278280,Dodson & Horrell Ltd
Argent Biodiesel Stanlow Site,343260,376390,Argent Energy (UK) Ltd
Cynon Power Station,302075,200896,Cynon Power Ltd
The Royal Oldham Hospital,392030,406230,The Pennine Acute Hospitals NHS Trust
Lancaster,348387,463261,Lancaster Tissue Ltd
Burton-On-Trent,423225,323356,Marston's Beer Company Ltd
Newbridge,312900,672100,Lafarge Tarmac Trading Ltd
Askam Brickworks,321800,476100,Furness Brick & Tile Co Ltd
Llansantffraid,322100,320250,Wynnstay Group Plc
Elstow Asphalt,504278,245708,Tarmac Trading Ltd
Wattisham Airfield,603200,251300,Ministry of Defence
Stowfield Asphalt,355900,210400,Lafarge Tarmac Trading Ltd
North Middlesex Hospital,533400,192300,North Middlesex University Hospitals NHS Trust
Churchover Compressor Station,449610,279830,National Grid Gas Plc
Pimlico District Heating Scheme,529100,177400,Dalkia Utilities Services
GCHQ Benhall,391850,222234,GCHQ
Bolton General Hospital,371610,406450,White Rose Environmental Ltd
Stoke Mandeville Hospital,482500,211900,Buckinghamshire Hospitals NHS Trust
Airedale General Hospital,402600,444450,Airedale NHS Trust
Newton Aycliffe,427200,524100,Lucite International UK Ltd
Loddon Power Station,467439,155217,Loddon Power Ltd
Kendal,351850,494250,Kendal Nutricare Ltd
Filton,359830,179160,Airbus UK Ltd
Grantham,493952,326812,McCain Foods (G.B.) Ltd
Somercotes,441100,354470,Thorntons Ltd
Tower Brewery,448110,443320,Coors Brewers Ltd
St Cuthberts Mill,353160,146480,Inveresk Plc
Colchester,603720,223830,University of Essex
Sandwell General Hospital,400919,292165,Sandwell & West Birmingham Hospital NHS Trust
Whatley,373226,147901,Hanson Quarry Products Europe Ltd
Samlesbury Aerodrome,362014,431449,BAE Systems (Operations) Ltd
RAF St Athan,299034,168857,Ministry of Defence
Criggion Quarry,329135,314791,Hanson Quarry Products Europe Ltd
Jordanstown,149819,539357,University of Ulster
Cadoxton Power Station,314616,168928,Cadoxton Reserve Power Ltd
Gaydon,435700,255300,Land Rover
Bramley,423200,434510,Britvic Soft Drinks Ltd
Santon Asphalt,492800,411900,Lafarge Tarmac Trading Ltd
Lag Farm,351520,158640,Yeo Valley Farms (Production) Ltd
RAF Honington,589250,274400,Ministry of Defence
Royal Berkshire Hospital,472458,173005,Royal Berkshire NHS Foundation Trust
Baston,513700,314900,Midland Quarry Products Ltd
Hanworth,511080,170820,Dairy Crest Ltd
Mansfield,456670,361800,Toray Textiles Europe Limted
Tytherington,366070,188700,Hanson Quarry Products Europe Ltd
Duxford,548300,245600,Hexcel Composites Ltd
Slough,503880,177320,S Grundon (Services) Ltd
Ethiebeaton Quarry,348600,733900,Breedon Aggregates Scotland Ltd
Caldercruix,285300,666500,Lafarge Tarmac Trading Ltd
Bayston Hill Asphalt,349100,309000,Lafarge Tarmac Trading Ltd
Whipps Cross Hospital,538892,188592,Barts Health NHS Trust
Bridgend,293262,178349,Ford Motor Co Ltd
Calderdale Royal Hospital,409500,423200,Vita Lend Lease Ltd
Charnwood Forest Brickworks,447800,318400,Charnwood Forest Brick Ltd
Park Brewery,390800,298640,Marston's PLC
Stobhill General Hospital,260800,669100,North Glasgow University Hospitals NHS Trust
Eye,614260,273810,1Stop Halal Ltd
Wormington Compressor Station,405080,236720,National Grid Gas Plc
Staveley Energy Park,443370,375664,Alkane Energy CM Ltd
Newcastle upon Tyne,424668,565139,University of Newcastle
Bristol,352100,180500,South West Energy Ltd
Crawley,528680,139074,Aggregate Industries UK Ltd
Leek,397980,355550,Croda Chemicals International Ltd
Queen Elizabeth Hospital,426960,560570,Gateshead Health NHS Foundation Trust
Benninghoven Plant,463200,170400,United Asphalt Ltd
Stirling,279600,692200,Stirling Royal Infirmary
Alrewas Compressor Station,415270,315280,National Grid Gas Plc
Forres,306080,861080,RAF Kinloss
Royal Bournemouth Hospital,412680,94120,Estates Department - Royal Bournemouth Hospital
University Hospital of North Durham,426200,543800,Haden Building Management Ltd
Torbay Hospital,290000,65830,South Devon Healthcare NHS Trust
Ipswich Asphalt,616800,242400,Lafarge Tarmac Trading Ltd
Harbourne Power Station,486483,153718,Harbourne Power Ltd
Royal Lancaster Infirmary,347780,461100,Morecambe Bay Hospitals NHS Trust
Rotherham General Hospital,443715,390953,The Rotherham NHS Foundation Trust
Bridge of Weir,239505,664821,Bridge of Weir Leather Co Ltd
Ansty,440692,280840,RWG (Repair & Overhauls) Ltd
Duntilland,284530,663481,Aggregate Industries UK Ltd
RAF Coningsby,522700,357500,Ministry of Defence
Greenwich,540265,178577,Aggregate Industries UK Ltd
Peterlee,441356,541318,Momentive Specialty Chemicals UK Ltd
Wigan,359465,399335,Hanson Quarry Products Europe Ltd
St. Mary's Hospital,449439,90487,Isle of Wight Healthcare NHS Trust
Falkirk,228800,667980,Falkirk & District Royal Infirmary
Croft,451002,296026,Aggregate Industries UK Ltd
Westgate Brewery,585680,263770,Greene King Brewing & Retailing Ltd
Queens Hospital,551300,187700,Barking Havering & Redbridge Hospitals NHS Trust
Salford Coating Plant,382080,398300,CEMEX UK Operations Ltd
Derriford Hospital,249920,59560,Viridor Waste Management Ltd
Greenwich Generating Station,538900,178000,London Underground Ltd
Nestlé Halifax Boiler House,409720,424860,Cofely Ltd
Riccarton,317500,669200,Heriot Watt University
Pindersfields Hospital,434076,422118,Balfour Beatty Workplace
Adastral Park,624850,245250,BT Plc
Kirriemuir Compressor Station,343090,754880,National Grid Gas Plc
"Llysonnen Mill, CARMARTHEN",238288,219581,Llysonnen Mill EPR/EP3034GS
York,452300,466300,York Handmade Brick Co Ltd
University College Hospital,529300,182300,University College London Hospitals NHS Foundation Trust
Airdrie,275100,665300,Monklands Hospital
RAF Wyton,528250,273750,Ministry of Defence
Liskeard,226800,65000,Peake (GB) Ltd
Birmingham International Airport,418400,283700,Birmingham International Airport Ltd
Watervole-1,457825,400753,Walker & Son (Hauliers) Ltd
Belfast WWTW,147725,532762,Veolia Water Outsourcing Ltd
Barnoldswick,388100,447110,Rolls Royce Plc
Grimsby,525749,410969,Pelagia (UK) Ltd
Aldbrough Gas Storage,525530,436690,SSE Hornsea Ltd
Hothfield Asphalt,598000,146400,Lafarge Tarmac Trading Ltd
Stancombe Asphalt,350200,168800,Lafarge Tarmac Trading Ltd
Newton Aycliffe,427935,521580,II-VI Compound Semiconductors Ltd
"Bridge Road North, Wrexham Inudstrial Estate, Wrexham",338324,349656,Lloyds Animal Feeds Mill
Deeside,331500,370998,Toyota Motor Manufacturing UK Ltd
Ditton,349146,384143,Croda Europe Ltd
Ledbury,369690,237160,Heineken UK Ltd
RNAS Culdrose,167100,25300,Ministry of Defence
Middlewich,370960,365840,BIP Organics Ltd
Sonoco Board CHP,406900,419000,Total Solutions For Industry (Power Resources 1) Ltd
Penderyn Plant,295220,209064,Hanson Quarry Products Europe Ltd
University Hospital Aintree,338000,397300,Aintree Hospitals NHS Trust
Carnforth Compressor Station,351870,467560,National Grid Gas Plc
Princess of Wales Hospital,291100,181100,Bro Morgannwg NHS Trust
Agecroft Asphalt,380581,400989,Tarmac Trading Ltd
Brompton Barracks,576400,169000,Ministry of Defence
Worcestershire Royal and Newtown Hospital,387700,254700,Lend Lease Facilities & Estate Management
Dudley Site,393010,288320,Acenta Steel Ltd
Pant Asphalt,320130,370340,Lafarge Tarmac Trading Ltd
Epsom General Hospital,520300,159900,Epsom & St Helier University Hospitals NHS Trust
Bromley Princess Royal Hospital,543300,164940,SSE Generation Ltd
Haughmond Hill Asphalt,353700,314800,Aggregate Industries UK Ltd
Manchester,384200,397200,Manchester Metropolitan University
"Aber-Arad, Newcastle Emlyn",231530,240162,The Creamery
River Don,438200,390100,Sheffield Forgemasters Engineering Ltd
Coleraine,101977,593953,University of Ulster
Parkstone Asphalt,403800,93800,Lafarge Tarmac Trading Ltd
Glen Ord Distillery and Maltings,251700,850800,Diageo Scotland Ltd
Saltend Chemicals Park,516042,427832,Saltend Chemicals Park Ltd
Tangmere Nursery,491200,106520,Tangmere Produce Ltd
Crossness STW,548200,180700,Thames Water Utilities Ltd
Wickwar Asphalt,371659,189893,Breedon Southern Ltd
Milton Keynes,488910,237030,The Open University
Bristol Energy,360000,180000,Rolls-Royce Power Development Ltd
Grimsby Power Station,525651,411242,RWE Generation UK plc
Chichester Food Factory,485410,104240,Babynov Chichester Ltd
Ellesmere Port Boiler House,339367,378256,Saica Pack UK Ltd
Ardingly,534039,127690,Hanson Quarry Products Europe Ltd
HMS Collingwood,457200,104100,Ministry of Defence
Addenbrookes Hospital Incinerator,546540,255140,Cambridge University Hospital NHS Trust
Leicester,458300,303800,De Montfort University Higher Education Corporation
Chryston Asphalt Plant,268892,671094,Aggregate Industries UK Ltd
Shirebrook Energy Park,452800,366700,Alkane Energy UK Ltd
London,533089,180904,20 Fenchurch Street Ltd Partnership
Isleworth,516226,177804,British Sky Broadcasting Group plc
Leinthall Quarry,344246,267827,Breedon Aggregates England Ltd
The 100 Bishopsgate Partnership,533209,181388,Brookfield Properties (UK PM) Ltd
Stansted Airport,555700,223700,Stansted Airport Ltd
Levenmouth WWTW,336000,699570,Caledonian Environmental Levenmouth Treatment Services Ltd
Washwood Heath Asphalt,411112,289732,Tarmac Trading Ltd
Hafod Quarry,322200,196400,Lafarge Aggregates Ltd
Clitheroe Asphalt,374700,443100,Lafarge Tarmac Trading Ltd
Northfleet,561646,174938,North Kent Roadstone Ltd
"Spectrum Business Park, Wrexham",338067,349310,Cott Beverages
Deeside Industrial Park,331790,371520,Farmers Boy (Deeside) Ltd
Mancetter Asphalt,431000,295700,Lafarge Tarmac Trading Ltd
Llanybydder,252680,244410,Dunbia (Wales) Ltd
Livingston,367600,604700,St John's Hospital
Watson Street Power Station,351100,394500,UK Power Reserve Ltd
Forest Wood Asphalt,301917,179826,Breedon Southern Ltd
Sawley,379820,447160,Rose County Foods Ltd
Tullos Test Facility,387408,813149,RWG (Repair & Overhauls) Ltd
Moorcroft Asphalt,252064,53872,Aggregate Industries UK Ltd
Stevenage,523570,223470,Glaxosmithkline Research & Development Ltd
Hornsea Storage Installation,517800,451400,SSE Hornsea Ltd
Cradley Heath Brickworks,394800,285300,Cradley Special Brick Co Ltd
RAF High Wycombe,483200,198700,Ministry of Defence
"Wilmore Road, Derby",435840,331980,Rolls-Royce Plc
Wrexham,338900,350800,Kellogg Co of Great Britain Ltd
Balby-B,457947,401053,Walker & Son (Hauliers) Ltd
Earls Gate Energy Centre,291678,681406,Earls Gate Energy Centre Ltd
Battersea Power Station,528795,177580,ENGIE Urban Energy Ltd
Tendley Quarry,309000,528600,Tendley Quarries Ltd
Baltic Works,338969,730109,Halley Stevensons Ltd
Poole Hospital,401990,91390,Poole Hospital NHS Trust
Knitting Wife Beck Power Station,455206,520986,KWB Power Ltd
Caldon Low Asphalt,407400,349000,Lafarge Tarmac Trading Ltd
Wishaw,278200,655000,Wishaw General Hospital
Tranmere Oil Terminal,333160,387100,Essar Oil UK Ltd
"Media Village Primary Plant, Shepherd's Bush",523200,180900,Interserve (Facilities Management) Ltd
Cheshire Power Station,339061,378393,RWE Generation UK plc
London,533400,181800,Allen & Overy LLP
Broadcasting House,528900,181600,Interserve (Facilities Management) Ltd
Harlow Asphalt,547050,212220,Lafarge Tarmac Trading Ltd
Titan Works,561240,178510,Industrial Chemicals Ltd
Cononish Gold Mine Tyndrum,229131,728622,Scotgold Resources Limited
Shawbury,355700,321800,RAF
King Edward Buildings,532008,181428,Bank of America Merrill Lynch International Designated Activity Co
Coopers Bank,391390,290300,GDC Group Ltd
Peak Gen Exeter,293104,89692,Peak Gen Power 14 Ltd
London,529500,182200,University College London
William Harvey Hospital Steam Boilers and Generators,604090,142068,2gether Support Solutions Ltd
Richmond,518385,177440,Royal Botanic Gardens Kew
Porthleven,392000,797100,McIntosh Donald Ltd
Wilton Energy Centre,457000,522300,ENGIE FM Ltd
Frenchay,362350,178100,The University of the West of England Bristol
Aston Mill,361190,346800,Oakes Millers Ltd
Peterborough,521310,298610,Meadow Foods Ltd
Nottingham,457840,339450,Enviroenergy Ltd
Discovery Park,633292,159603,Discovery Park Management Ltd
Wrexham,338600,349750,Eurocare Environmental Services Ltd
Torcoed Asphalt,249492,214492,Lafarge Tarmac Trading Ltd
East Coast Viners Grain,379605,781270,East Coast Viners Grain LLP
Woodland Mill,411170,416440,Wooltex UK Ltd
Swanwick,450400,109800,NATS (EnRoute) Plc
"1 Churchill Place, Canary Wharf",537910,180300,Barclays Head Office
Sheffield,440568,389690,Aggregate Industries UK Ltd
Peterhead,411121,844505,Total Waste Management Alliance Plc
Rhymney,310600,208300,Convatec Ltd
London,537900,180340,Barclays Facilities Management
1-5 Bank Street,537218,180125,Canary Wharf Group Plc
Welwyn Garden City,524500,212900,British Lead Mills Ltd
5 Broadgate Circle,533068,181805,UBS AG
Goodmayes & King George Hospitals,546620,188740,"Barking, Havering & Redbridge Hospitals NHS Trust"
Pateley Bridge,411629,464258,Hanson Quarry Products Europe Ltd
Exeter,296020,93010,Met Office
Melbur Asphalt,191559,56192,Aggregate Industries UK Ltd
West Bromwich,398660,291830,Robinson Brothers Ltd
Deephams STW,535600,193700,Thames Water Utilities Ltd
Aylesbury Compressor Station,471500,218590,National Grid Gas Plc
East Leake Gypsum Works,455503,328085,BPB United Kingdom Ltd
Swansea,267841,198134,Morganite Electrical Carbon Ltd
Livingston,307029,665639,Valneva Scotland Limited
Milford Haven,188600,208700,Murco Petroleum Ltd
Mogden STW,515249,175117,Thames Water Utilities Ltd
Margam,279070,186190,Western Bioenergy Ltd
South Shian,190700,741700,Scottish Sea Farms Ltd
Robertsbridge Gypsum Works,572400,119700,BPB United Kingdom Ltd
New Haw,504990,162680,DEFRA
MediaCity Salford,380090,397400,Interserve (Facilities Management) Ltd
Sheffield District Heating Scheme - Bernard Road,436770,387900,Veolia ES Sheffield Ltd
Runcorn,351280,381110,Mexichem UK Ltd
"TVC Primary Energy Plant, Shepherd's Bush",523192,180513,Interserve (Facilities Management) Ltd
East Kilbride,260700,654100,Hairmyres Hospital
Burnley,385910,434070,Hycrome Europe Ltd
Mersey Valley Sludge Processing Centre,353496,386111,United Utilities Water plc
Longreach STW,555100,176500,Thames Water Utilities Ltd
25 Cabot Square,537261,180281,25 CABOT SQUARE S.A.R.L
"Thermal Plant, Kilbarchan Rd, Bridge of Weir",239326,664533,SLG Technology Ltd
Cowdenbeath,318632,689985,Shell UK Ltd
"Vauxhall Industrial Estate, Ruabon, Wrexham",330500,345601,Morgan Technical Ceramics
Peak Gen Bracknell,485648,171136,Peak Gen Power 11 Ltd
Darent Power,633428,159463,Kent Renewable Energy Ltd
Tipton,398190,292980,Ervin Amasteel
Sheepbridge,437230,374570,GKN Sheepbridge Stokes Ltd
Dinnington Site A,451906,386502,Walker & Son (Hauliers) Ltd
Fareham,452389,108364,Peakgen Power 13 Ltd
Sheffield District Heating Scheme - Applied Science,434820,387420,Veolia ES Sheffield Ltd
Clydebridge Works,263681,661076,Liberty Steel Clydebridge Ltd
Havant,470717,105740,Peak Gen Power 18 Ltd
Porton Down,420470,136750,DSTL
Tees Valley Nursery Energy Centre,447954,523452,APS Growers Ltd
Oldbury,399800,288810,BIP (Oldbury) Ltd
Grafham WWTW,515547,266617,Anglian Water Services Ltd
Banbridge,123118,502597,Lakeland Dairies (NI) Ltd
Flamborough Maltings,519700,470100,Muntons Plc
Atlas Brickworks,404850,301250,Ibstock Brick Ltd
10 Upper Bank Street,537737,180048,Clifford Chance LLP
Rainford,348900,399310,Unifrax Ltd
Barry,314616,168928,Peakgen Power 6 Ltd
IBM Warwick,426700,265700,Johnson Controls Ltd
Wymington,496400,263500,Ancillary Components Ltd
Gloucester,388700,216300,Invista Textiles (UK) Ltd
Shotts,288002,659821,Davidson Brothers (Shotts) Ltd
Burton Plant,424260,323100,Creative Foods Europe Ltd
Birmingham Coating Plant,410010,288970,CEMEX UK Operations Ltd
Bracknell,485540,169230,Daler-Rowney  Ltd
Stone Data Centre,390967,331968,NatWest Group plc
Scunthorpe COG Flaring,491770,410820,British Steel Ltd
Llandarcy,271938,196106,Peak Gen Power 5 Ltd
Longport Enterprise Centre,385910,349470,Sharpsmart Ltd
West Thurrock,559000,177300,Industrial Chemicals Ltd
Slyfield Industrial Estate,499790,152280,Anglo Beef Processors Ltd
1AL Backup Generators,532700,180700,Nomura International plc
Gloucester,386350,218360,Barclays Facilities Managerment
Runcorn,350544,382824,Hanson Quarry Products Europe Ltd
"LD5 Generator System, Slough",495205,181250,Equinix (UK) Ltd
Basildon,572235,190417,Imperium Centre Ltd
Kingston,490280,238590,Goldschmidt UK Ltd
Wooler Compressor Station,394530,631990,National Grid Gas Plc
Appleford,451339,193674,Hanson Quarry Products Europe Ltd
Hemel Hempstead,507962,208224,Gyron Internet Ltd
Dinnington Site B,451906,386502,Robin Hood Airport Developments Ltd
Barrasford Asphalt,390900,574200,Lafarge Tarmac Trading Ltd
"Dales Voe Decommissioning Facility, Shetland",445798,1145604,Veolia ES UK Limited
Morayhill,275045,849103,Norbord Europe Ltd
"LGW14 Backup Generators, Woking",498690,159329,Digital Realty (UK) Ltd
Llantrisant,305600,181730,Maxibrite Ltd
North Shields,433090,568840,Formica Ltd
Macmerry Data Centre,343814,672798,NatWest Group plc
Bulmer Sudbury,583200,238000,Bulmer Brick & Tile Co Ltd
Thomson Reuters DTC,538655,180578,Telehouse International Corporation of Europe Ltd
Ryemeads STW,539200,210300,Thames Water Utilities Ltd
St. Helier Hospital,526500,166100,Epsom & St Helier University Hospitals NHS Trust
Croydon Data Centre - Standby Generators,529947,166410,Morgan Stanley UK Group
Glasgow,260500,665050,Tennent Caledonian Breweries
Woodston,517952,296931,Peak Gen Power 2 Ltd
20 Bank Street - Standby Generators,537375,180081,Morgan Stanley UK Group
"LD6 Generator System, Slough",495625,181206,Equinix (UK) Ltd
Stanlow Manufacturing Complex,344190,375060,Essar Oil UK Ltd
"Harbro Ltd, Tore Mill, Harbour Road, Invernes",267365,845860,HARBRO LIMITED
Iron Mountain Slough Data Centre,494903,181762,Iron Mountain (UK) Data Centre Ltd
Melville Gate Data Centre,332173,667325,NatWest Group plc
Telehouse London,538784,181130,Telehouse International Corporation of Europe Ltd
Locher Works,239430,664579,N C T Leather Ltd
"Felnex Industrial Estate, Newport, Newport",332159,185814,"Hydrodec (UK) Limited, Newport Oil Treatment Plant ZP3334AQ"
BT Tower,529200,181800,BT Plc
Stevenage Data Centre,522734,224290,Fujitsu Services Ltd
Wisbech Compressor Station,546180,316120,National Grid Gas Plc
Thurrock Data Centre,557679,177926,Fujitsu Services Ltd
Horizon Centre,491800,292100,Lloyds Banking Group plc
LD9 Generator System,520971,182728,Equinix (UK) Ltd
Stowmarket A,606332,256917,Precise Energy Ltd
Stowmarket B,606332,256917,Valence Power Ltd
Saltend Bioethanol Plant,516265,428187,Vivergo Fuels Ltd
LON1 Data Centre,550897,185371,NTT Global Data Centers EMEA UK Ltd
Huntington Sewage Works,342000,363700,United Utilities Water Plc
NOVA Victoria,528977,179228,Victoria Circle Ltd Partnership
Citigroup Centre,537628,180209,CIB Properties Ltd
Wm Nicol (Aberdeen) Limited,390363,797885,William Nicol (Aberdeen) Limited
Welwyn Garden City,525354,212819,Colt Data Centre Services UK Ltd
"LHR14 Backup Generators, Watford",508913,195083,Digital Realty (UK) Ltd
Heathrow Data Centre - Standby Generators,511337,175616,Morgan Stanley UK Group
LD7 Generator System,494857,181627,Equinix (UK) Ltd
Highcraig Quarry,243000,661500,Tarmac Ltd
"LGW13 Backup Generators, Crowdon",529734,166697,Digital Realty (UK) Ltd
Greenford,465000,105000,IBM
London,538466,181020,Global Switch Ltd
Northolt Data Centre,513590,184190,Barclays Capital Services Ltd
LGW15 -Back up Generators,527552,137977,Digital Crawley 1 SARL
Brogborough Landfill,497066,239966,Infinis Alternative Energies Ltd
"25 Bank Street, Canary Wharf",537500,180100,J P Morgan Chase Bank
Romford North,550524,189490,ISDC Developments (No2) Ltd
Redditch,403470,268430,First Energy (Redditch) Ltd
Deeside,333270,367530,J Reid Trading Ltd
Stoke-On-Trent,389390,343920,Prince Minerals Ltd
Baynard House,531850,180950,BT Plc
West Drayton,507172,180132,Virtus LONDON 5 Ltd
Choats Road Organic Waste Treatment Facility,548220,182566,East London Biogas Op Co Ltd
LD10 (Generator System),495567,181087,Equinix (UK) Ltd
Winnersh - LO6,477839,171730,Cyxtera Technology UK Ltd
Hemel Hempstead,507577,208506,Gyron Internet Ltd
Ebbw Vale,315300,210450,Continental Teves UK Ltd
Powergate Business Park,520940,182680,Colt Data Centre Services UK Ltd
Slough,495604,181142,Virtus Holdco Ltd
Chelmsford Compressor Station,566110,208350,National Grid Gas Plc
Slough - LO1 & LO5,496011,180639,Cyxtera Technology UK Ltd
IBM North Harbour,465000,105000,Johnson Controls Ltd
LD11 Data Centre,494608,181343,Equinix (UK) Ltd
Machen,322118,188641,Hanson Quarry Products Europe Ltd
Reigate Computer Centre,523500,150700,BT Plc
Interxion London Campus,533827,181923,Interxion Carrier Hotel Ltd
Torrington,249245,119452,Dartington
OTDC Basingstoke,463600,150296,J P Morgan Chase Bank
Dungannon,93267,521415,Moy Park Ltd
"LGW10 Backup Generators, Redhill",528713,151459,Digital Realty (UK) Ltd
LD8 Data Centre,537912,179636,Equinix (UK) Ltd
Rhymney,310610,208342,Convatec Ltd
Harmondsworth Computer Centre,505450,177350,BT Plc
East Grinstead,537293,139207,Goldman Sachs International
Hounslow,511611,175512,Sungard Availability Services (UK) Ltd
London 7 Data Centre,507343,180028,Virtus London 7 Ltd
Warrington Compressor Station,368160,390230,National Grid Gas Plc
Santander Data Centre,453688,298683,Santander UK plc
London 6,507322,180110,Virtus London 6 Ltd
LON3 Backup Generators,495914,181027,Rackspace Ltd
Wakefield,432476,418856,UK Power Reserve Ltd
"LD4 Generator System, Slough",495205,181250,Equinix (UK) Ltd
Cody Park,484039,154314,Ark Data Centres Ltd
"20 Canada Square, Canary Wharf",537800,180200,Brookfield Office Property Management Ltd
Swindon Data Centre,410900,184400,Vodafone Ltd
20 Canada Square Generators,537757,180191,BNP Paribas Real Estate Advisory & Property Management UK Ltd
Hayes,510614,178665,Virtus Hayes Ltd
Cardiff IDC,317650,173150,BT Plc
"40 Bank Street, Canary Wharf",537568,180041,Canary Wharf Group plc
Spring Park,384924,168897,Ark Data Centres Ltd
Slough,496180,180630,Barclays Bank Plc
Winnington,365310,374000,Tata Chemicals Europe Ltd
LGW16 - Back up Generators,527636,138225,Digital Crawley 2 Sarl
Kemsley Paper Mill,591700,166100,DS Smith Paper Ltd
LHR13 - Back Up Generators,519052,164629,Digital Reality (UK) Ltd
Wakefield Bakery,439070,424790,Warburtons Ltd
"5 North Colonnade, Canary Wharf",537380,180390,Barclays Capital Services Ltd
Warrington,360006,386215,Perstorp UK Ltd
MAN3 Generator System,380624,396842,Equinix (UK) Ltd
Dundee,335200,731900,Rockwell Solutions Ltd
Sovereign House,538147,179752,Digital London Ltd
Waunarlwydd Works,260300,196000,Aleris Recycling (Swansea) Ltd
Zenium - London One,495567,181087,Zenium UK Ltd
Dundee,341896,730838,D C Thomson & Co Ltd
Hayes Data Centre,509680,179585,UBS Business Solutions AG
Whitehall,529792,180162,ENGIE FM Ltd
Park Royal Data Centre,519862,182415,Vodafone Ltd
RAF Fylingdales,486330,496750,Ministry of Defence
"RDC1/RDC2, Bournemouth",410270,91988,J P Morgan Chase Bank
Zenium - London Two,507936,179345,Zenium UK2 Ltd
"10 South Colonnade, Canary Wharf",537374,180252,Barclays Capital Services Ltd
Harlesden,520660,183320,United Biscuits UK Ltd
Alyn Works,323330,364790,TS Resins Ltd
Broxbourne,537969,206703,Nazeing Glassworks Ltd
Yorktown Business Park Computer Centre,486081,160087,Bank of America Merrill Lynch International Designated Activity Co
Bletchely Computer Centre,487450,234150,BT Plc
London,531853,182772,Level 3 Communications UK Ltd
"LHR10 Backup Generators, High Wycombe",484733,191967,Digital Realty (UK) Ltd
London,532796,182310,Digital London Ltd
Crieff,285670,720550,Caithness Glass
Renishaw,445039,377861,Lafarge Aggregates Ltd
Blaenau Gwent,315020,212140,Yuasa Battery (UK) Ltd
London 9 Data Centre,495957,180958,Virtus London 9 Ltd
Jerusalem Farm,491586,370915,A Hughes and Son (Skellingthorpe) Ltd
Slough,495509,181590,CyrusOne UK3 Ltd
Lostock Soda Ash Manufacture,368657,374637,Tata Chemicals Europe Ltd
London 10,495795,181172,Virtus London 10 Ltd
Billingham,444341,526581,Entserv UK Ltd
Ulverston,329697,478704,Cumbria
Ashbourne,418104,346615,Derwent
Maidstone,577736,156377,CSC Computer Sciences Ltd
HH4 Data Center,508273,208069,NTT Global Data Centers EMEA UK Ltd
Moffat Compressor Station,308610,599310,National Grid Gas Plc
Doxford Park,436521,552107,Entserv UK Ltd
Peterlee,442500,542200,Walkers Snack Foods Ltd
Sevenoaks,550308,158991,CSC Computer Sciences Ltd
